{
  "byClass": {
    "gladiador": {
      "helmet": {
        "y": 1.2852502029462602,
        "scale": 0.4399999999999987,
        "x": -0.24939014912148338,
        "z": 0.02569887377400737,
        "rotX": -1.3877787807814457e-17,
        "rotY": 0.9000000000000002,
        "rotZ": 0
      },
      "cape": {
        "x": -0.3715042765695643,
        "y": 0.49343334575489495,
        "z": -0.022245002766769634,
        "rotX": 0.05,
        "scale": 1.4733846736752316,
        "rotY": -0.22499999999999998,
        "rotZ": 0
      },
      "manoplas": {
        "y": 0.6915079605901417,
        "z": 0.34264360782012293,
        "scale": 0.5541277921596588,
        "x": -0.3505507085321704,
        "rotX": 0.18000000000000005,
        "rotY": -0.9000000000000002,
        "rotZ": 0
      }
    },
    "sacerdotisa": {
      "helmet": {
        "y": 1.1725433444516644,
        "scale": 0.44,
        "x": 0.055839692455371855,
        "z": -0.014105955650322466,
        "rotX": 0,
        "rotY": 0.35999999999999993,
        "rotZ": 0
      },
      "cape": {
        "x": -0.013763351920596143,
        "y": 0.35667582370702156,
        "z": -0.1274178825264921,
        "rotX": 0.0050000000000000044,
        "scale": 1.5936128630471307,
        "rotY": -0.31499999999999995,
        "rotZ": 0
      },
      "manoplas": {
        "y": 0.8735863758074067,
        "z": 0.24517675374660808,
        "scale": 0.49609321229346404,
        "x": 0.17848741165054216,
        "rotX": -5.2649999999999935,
        "rotY": -0.04499999999999996,
        "rotZ": 0.9000000000000002
      }
    },
    "pistoleiro": {
      "helmet": {
        "y": 1.250389542439481,
        "scale": 0.5353272770559998,
        "x": -0.24406609887463426,
        "z": 0.07625718995711911,
        "rotX": 0,
        "rotY": 0.045,
        "rotZ": 0
      },
      "cape": {
        "x": -0.2780591727399483,
        "y": 0.5683759102238806,
        "z": -0.05434298056074255,
        "rotX": 0.005000000000000018,
        "scale": 1.2594553940565527,
        "rotY": -0.63,
        "rotZ": -0.044999999999999984
      },
      "manoplas": {
        "y": 0.9032026407235538,
        "z": 0.2405160618981886,
        "scale": 0.53993472,
        "x": -0.15007977608348044,
        "rotX": -18.540000000000074,
        "rotY": 0.4950000000000015,
        "rotZ": 1.0800000000000003
      }
    }
  }
}
